date_collected,park_code,park_name,state
2026-04-26,abli,Abraham Lincoln Birthplace National Historical Park,KY
2026-04-26,acad,Acadia National Park,ME
2026-04-26,adam,Adams National Historical Park,MA
2026-04-26,afam,African American Civil War Memorial,DC
2026-04-26,afbg,African Burial Ground National Monument,NY
2026-04-26,agfo,Agate Fossil Beds National Monument,NE
2026-04-26,alka,Ala Kahakai National Historic Trail,HI
2026-04-26,alag,Alagnak Wild River,AK
2026-04-26,anch,Alaska Public Lands,AK
2026-04-26,alca,Alcatraz Island,CA
2026-04-26,aleu,Aleutian Islands World War II National Historic Area,AK
2026-04-26,alfl,Alibates Flint Quarries National Monument,TX
2026-04-26,alpo,Allegheny Portage Railroad National Historic Site,PA
2026-04-26,amch,Amache National Historic Site,CO
2026-04-26,amme,American Memorial Park,MP
2026-04-26,amis,Amistad National Recreation Area,TX
2026-04-26,anac,Anacostia Park,DC
2026-04-26,ande,Andersonville National Historic Site,GA
2026-04-26,anjo,Andrew Johnson National Historic Site,TN
2026-04-26,ania,Aniakchak National Monument & Preserve,AK
2026-04-26,anti,Antietam National Battlefield,MD
2026-04-26,apis,Apostle Islands National Lakeshore,WI
2026-04-26,appa,Appalachian National Scenic Trail,"CT,GA,MA,MD,ME,NC,NH,NJ,NY,PA,TN,VA,VT,WV"
2026-04-26,apco,Appomattox Court House National Historical Park,VA
2026-04-26,arch,Arches National Park,UT
2026-04-26,arpo,Arkansas Post National Memorial,AR
2026-04-26,arho,"Arlington House, The Robert E. Lee Memorial",VA
2026-04-26,asis,Assateague Island National Seashore,"MD,VA"
2026-04-26,azru,Aztec Ruins National Monument,NM
2026-04-26,badl,Badlands National Park,SD
2026-04-26,bawa,Baltimore-Washington Parkway,MD
2026-04-26,band,Bandelier National Monument,NM
2026-04-26,bepa,Belmont-Paul Women's Equality National Monument,DC
2026-04-26,beol,Bent's Old Fort National Historic Site,CO
2026-04-26,bela,Bering Land Bridge National Preserve,AK
2026-04-26,bibe,Big Bend National Park,TX
2026-04-26,bicy,Big Cypress National Preserve,FL
2026-04-26,biho,Big Hole National Battlefield,MT
2026-04-26,biso,Big South Fork National River & Recreation Area,"KY,TN"
2026-04-26,bith,Big Thicket National Preserve,TX
2026-04-26,bica,Bighorn Canyon National Recreation Area,"MT,WY"
2026-04-26,bicr,Birmingham Civil Rights National Monument,AL
2026-04-26,bisc,Biscayne National Park,FL
2026-04-26,blca,Black Canyon Of The Gunnison National Park,CO
2026-04-26,blrv,Blackstone River Valley National Historical Park,"RI,MA"
2026-04-26,blsc,Blackwell School National Historic Site,TX
2026-04-26,blri,Blue Ridge Parkway,"NC,VA"
2026-04-26,blue,Bluestone National Scenic River,WV
2026-04-26,bowa,Booker T Washington National Monument,VA
2026-04-26,boaf,Boston African American National Historic Site,MA
2026-04-26,boha,Boston Harbor Islands National Recreation Area,MA
2026-04-26,bost,Boston National Historical Park,MA
2026-04-26,brcr,Brices Cross Roads National Battlefield Site,MS
2026-04-26,brvb,Brown v. Board of Education National Historical Park,KS
2026-04-26,brca,Bryce Canyon National Park,UT
2026-04-26,buis,Buck Island Reef National Monument,VI
2026-04-26,buff,Buffalo National River,AR
2026-04-26,buov,Butterfield Overland National Historic Trail,"MO,AR,OK,TX,NM,AZ,CA"
2026-04-26,cabr,Cabrillo National Monument,CA
2026-04-26,cali,California National Historic Trail,"CA,CO,ID,KS,MO,NE,NV,OR,UT,WY"
2026-04-26,cane,Camp Nelson National Monument,KY
2026-04-26,cana,Canaveral National Seashore,FL
2026-04-26,cari,Cane River Creole National Historical Park,LA
2026-04-26,cach,Canyon de Chelly National Monument,AZ
2026-04-26,cany,Canyonlands National Park,UT
2026-04-26,caco,Cape Cod National Seashore,MA
2026-04-26,caha,Cape Hatteras National Seashore,NC
2026-04-26,came,Cape Henry Memorial Part of Colonial National Historical Park,VA
2026-04-26,cakr,Cape Krusenstern National Monument,AK
2026-04-26,calo,Cape Lookout National Seashore,NC
2026-04-26,cahi,Capitol Hill Parks,DC
2026-04-26,care,Capitol Reef National Park,UT
2026-04-26,cajo,Captain John Smith Chesapeake National Historic Trail,"VA,MD,DE,DC,PA,NY"
2026-04-26,cavo,Capulin Volcano National Monument,NM
2026-04-26,carl,Carl Sandburg Home National Historic Site,NC
2026-04-26,cibs,Carlisle Federal Indian Boarding School National Monument,PA
2026-04-26,cave,Carlsbad Caverns National Park,NM
2026-04-26,cawo,Carter G. Woodson Home National Historic Site,DC
2026-04-26,cagr,Casa Grande Ruins National Monument,AZ
2026-04-26,casa,Castillo de San Marcos National Monument,FL
2026-04-26,cacl,Castle Clinton National Monument,NY
2026-04-26,camo,Castle Mountains National Monument,CA
2026-04-26,cato,Catoctin Mountain Park,MD
2026-04-26,cebr,Cedar Breaks National Monument,UT
2026-04-26,cebe,Cedar Creek & Belle Grove National Historical Park,VA
2026-04-26,chcu,Chaco Culture National Historical Park,NM
2026-04-26,cham,Chamizal National Memorial,TX
2026-04-26,chis,Channel Islands National Park,CA
2026-04-26,chpi,Charles Pinckney National Historic Site,SC
2026-04-26,chyo,Charles Young Buffalo Soldiers National Monument,OH
2026-04-26,chat,Chattahoochee River National Recreation Area,GA
2026-04-26,choh,Chesapeake & Ohio Canal National Historical Park,"DC,MD,WV"
2026-04-26,cbpo,Chesapeake Bay,"DC,DE,MD,NY,PA,VA,WV"
2026-04-26,chch,Chickamauga & Chattanooga National Military Park,"GA,TN"
2026-04-26,chic,Chickasaw National Recreation Area,OK
2026-04-26,chir,Chiricahua National Monument,AZ
2026-04-26,chri,Christiansted National Historic Site,VI
2026-04-26,ciro,City Of Rocks National Reserve,ID
2026-04-26,cwdw,Civil War Defenses of Washington,"DC,MD,VA"
2026-04-26,clba,Clara Barton National Historic Site,MD
2026-04-26,colo,Colonial National Historical Park,VA
2026-04-26,colm,Colorado National Monument,CO
2026-04-26,colt,Coltsville National Historical Park,CT
2026-04-26,cong,Congaree National Park,SC
2026-04-26,coga,Constitution Gardens,DC
2026-04-26,coro,Coronado National Memorial,AZ
2026-04-26,cowp,Cowpens National Battlefield,SC
2026-04-26,crla,Crater Lake National Park,OR
2026-04-26,crmo,Craters Of The Moon National Monument & Preserve,ID
2026-04-26,cuga,Cumberland Gap National Historical Park,"KY,TN,VA"
2026-04-26,cuis,Cumberland Island National Seashore,GA
2026-04-26,cure,Curecanti National Recreation Area,CO
2026-04-26,cuva,Cuyahoga Valley National Park,OH
2026-04-26,cech,César E. Chávez National Monument,CA
2026-04-26,daav,Dayton Aviation Heritage National Historical Park,OH
2026-04-26,deso,De Soto National Memorial,FL
2026-04-26,deva,Death Valley National Park,"CA,NV"
2026-04-26,dewa,Delaware Water Gap National Recreation Area,"NJ,PA"
2026-04-26,dena,Denali National Park & Preserve,AK
2026-04-26,depo,Devils Postpile National Monument,CA
2026-04-26,deto,Devils Tower National Monument,WY
2026-04-26,dino,Dinosaur National Monument,"CO,UT"
2026-04-26,drto,Dry Tortugas National Park,FL
2026-04-26,ddem,Dwight D. Eisenhower Memorial,DC
2026-04-26,ebla,Ebey's Landing National Historical Reserve,WA
2026-04-26,edal,Edgar Allan Poe National Historic Site,PA
2026-04-26,efmo,Effigy Mounds National Monument,IA
2026-04-26,eise,Eisenhower National Historic Site,PA
2026-04-26,elca,El Camino Real de Tierra Adentro National Historic Trail,"NM,TX"
2026-04-26,elte,El Camino Real de los Tejas National Historic Trail,"TX,LA"
2026-04-26,elma,El Malpais National Monument,NM
2026-04-26,elmo,El Morro National Monument,NM
2026-04-26,elro,Eleanor Roosevelt National Historic Site,NY
2026-04-26,elis,Ellis Island Part of Statue of Liberty National Monument,"NJ,NY"
2026-04-26,till,Emmett Till and Mamie Till-Mobley National Monument,"IL,MS"
2026-04-26,euon,Eugene O'Neill National Historic Site,CA
2026-04-26,ever,Everglades National Park,FL
2026-04-26,feha,Federal Hall National Memorial,NY
2026-04-26,fiis,Fire Island National Seashore,NY
2026-04-26,fila,First Ladies National Historic Site,OH
2026-04-26,frst,First State National Historical Park,"DE,PA"
2026-04-26,flni,Flight 93 National Memorial,PA
2026-04-26,flfo,Florissant Fossil Beds National Monument,CO
2026-04-26,foth,Ford's Theatre National Historic Site,DC
2026-04-26,fobo,Fort Bowie National Historic Site,AZ
2026-04-26,foda,Fort Davis National Historic Site,TX
2026-04-26,fodo,Fort Donelson National Battlefield,"KY,TN"
2026-04-26,fodu,Fort Dupont Park,DC
2026-04-26,fofo,Fort Foote Park,MD
2026-04-26,fofr,Fort Frederica National Monument,GA
2026-04-26,fola,Fort Laramie National Historic Site,WY
2026-04-26,fols,Fort Larned National Historic Site,KS
2026-04-26,foma,Fort Matanzas National Monument,FL
2026-04-26,fomc,Fort McHenry National Monument and Historic Shrine,MD
2026-04-26,fomr,Fort Monroe National Monument,VA
2026-04-26,fone,Fort Necessity National Battlefield,PA
2026-04-26,fopo,Fort Point National Historic Site,CA
2026-04-26,fopu,Fort Pulaski National Monument,GA
2026-04-26,fora,Fort Raleigh National Historic Site,NC
2026-04-26,fosc,Fort Scott National Historic Site,KS
2026-04-26,fosm,Fort Smith National Historic Site,"AR,OK"
2026-04-26,fost,Fort Stanwix National Monument,NY
2026-04-26,fosu,Fort Sumter and Fort Moultrie National Historical Park,SC
2026-04-26,foun,Fort Union National Monument,NM
2026-04-26,fous,Fort Union Trading Post National Historic Site,"MT,ND"
2026-04-26,fova,Fort Vancouver National Historic Site,"OR,WA"
2026-04-26,fowa,Fort Washington Park,MD
2026-04-26,fobu,Fossil Butte National Monument,WY
2026-04-26,frpe,Frances Perkins National Monument,ME
2026-04-26,frde,Franklin Delano Roosevelt Memorial,DC
2026-04-26,frdo,Frederick Douglass National Historic Site,DC
2026-04-26,frla,Frederick Law Olmsted National Historic Site,MA
2026-04-26,frsp,Fredericksburg & Spotsylvania National Military Park,VA
2026-04-26,frri,Freedom Riders National Monument,AL
2026-04-26,frhi,Friendship Hill National Historic Site,PA
2026-04-26,gaar,Gates Of The Arctic National Park & Preserve,AK
2026-04-26,jeff,Gateway Arch National Park,MO
2026-04-26,gate,Gateway National Recreation Area,"NY,NJ"
2026-04-26,gari,Gauley River National Recreation Area,WV
2026-04-26,gegr,General Grant National Memorial,NY
2026-04-26,gero,George Rogers Clark National Historical Park,IN
2026-04-26,gewa,George Washington Birthplace National Monument,VA
2026-04-26,gwca,George Washington Carver National Monument,MO
2026-04-26,gwmp,George Washington Memorial Parkway,"DC,MD,VA"
2026-04-26,gett,Gettysburg National Military Park,PA
2026-04-26,gicl,Gila Cliff Dwellings National Monument,NM
2026-04-26,glba,Glacier Bay National Park & Preserve,AK
2026-04-26,glac,Glacier National Park,MT
2026-04-26,glca,Glen Canyon National Recreation Area,"AZ,UT"
2026-04-26,glec,Glen Echo Park,MD
2026-04-26,glde,Gloria Dei Church National Historic Site,PA
2026-04-26,goga,Golden Gate National Recreation Area,CA
2026-04-26,gosp,Golden Spike National Historical Park,UT
2026-04-26,gois,Governors Island National Monument,NY
2026-04-26,grca,Grand Canyon National Park,AZ
2026-04-26,para,Grand Canyon-Parashant National Monument,AZ
2026-04-26,grpo,Grand Portage National Monument,MN
2026-04-26,grte,Grand Teton National Park,WY
2026-04-26,grko,Grant-Kohrs Ranch National Historic Site,MT
2026-04-26,grba,Great Basin National Park,NV
2026-04-26,greg,Great Egg Harbor River,NJ
2026-04-26,grfa,Great Falls Park,VA
2026-04-26,grsa,Great Sand Dunes National Park & Preserve,CO
2026-04-26,grsm,Great Smoky Mountains National Park,"NC,TN"
2026-04-26,grsp,Green Springs,VA
2026-04-26,gree,Greenbelt Park,MD
2026-04-26,gumo,Guadalupe Mountains National Park,TX
2026-04-26,guco,Guilford Courthouse National Military Park,NC
2026-04-26,guis,Gulf Islands National Seashore,"FL,MS"
2026-04-26,hafo,Hagerman Fossil Beds National Monument,ID
2026-04-26,hale,Haleakalā National Park,HI
2026-04-26,hagr,Hamilton Grange National Memorial,NY
2026-04-26,hamp,Hampton National Historic Site,MD
2026-04-26,haha,Harmony Hall,MD
2026-04-26,hafe,Harpers Ferry National Historical Park,"WV,VA,MD"
2026-04-26,hart,Harriet Tubman National Historical Park,NY
2026-04-26,hatu,Harriet Tubman Underground Railroad National Historical Park,MD
2026-04-26,hstr,Harry S Truman National Historic Site,MO
2026-04-26,havo,Hawaiʻi Volcanoes National Park,HI
2026-04-26,heho,Herbert Hoover National Historic Site,IA
2026-04-26,jame,Historic Jamestowne Part of Colonial National Historical Park,VA
2026-04-26,hofr,Home Of Franklin D Roosevelt National Historic Site,NY
2026-04-26,home,Homestead National Historical Park,NE
2026-04-26,hono,Honouliuli National Historic Site,HI
2026-04-26,hocu,Hopewell Culture National Historical Park,OH
2026-04-26,hofu,Hopewell Furnace National Historic Site,PA
2026-04-26,hobe,Horseshoe Bend National Military Park,AL
2026-04-26,hosp,Hot Springs National Park,AR
2026-04-26,hove,Hovenweep National Monument,"CO,UT"
2026-04-26,hutr,Hubbell Trading Post National Historic Site,AZ
2026-04-26,iafl,Ice Age Floods National Geologic Trail,"WA,OR,ID,MT"
2026-04-26,iatr,Ice Age National Scenic Trail,WI
2026-04-26,inde,Independence National Historical Park,PA
2026-04-26,indu,Indiana Dunes National Park,IN
2026-04-26,isro,Isle Royale National Park,MI
2026-04-26,inup,Iñupiat Heritage Center,AK
2026-04-26,jaga,James A Garfield National Historic Site,OH
2026-04-26,jela,Jean Lafitte National Historical Park and Preserve,LA
2026-04-26,jeca,Jewel Cave National Monument,SD
2026-04-26,jica,Jimmy Carter National Historical Park,GA
2026-04-26,joda,John Day Fossil Beds National Monument,OR
2026-04-26,jofi,John Fitzgerald Kennedy National Historic Site,MA
2026-04-26,jomu,John Muir National Historic Site,CA
2026-04-26,jofl,Johnstown Flood National Memorial,PA
2026-04-26,jotr,Joshua Tree National Park,CA
2026-04-26,juba,Juan Bautista de Anza National Historic Trail,"AZ,CA"
2026-04-26,kala,Kalaupapa National Historical Park,HI
2026-04-26,kaho,Kaloko-Honokōhau National Historical Park,HI
2026-04-26,kaww,Katahdin Woods and Waters National Monument,ME
2026-04-26,katm,Katmai National Park & Preserve,AK
2026-04-26,kefj,Kenai Fjords National Park,AK
2026-04-26,keaq,Kenilworth Park & Aquatic Gardens,DC
2026-04-26,kemo,Kennesaw Mountain National Battlefield Park,GA
2026-04-26,kewe,Keweenaw National Historical Park,MI
2026-04-26,kimo,Kings Mountain National Military Park,SC
2026-04-26,klse,Klondike Gold Rush - Seattle Unit National Historical Park,WA
2026-04-26,klgo,Klondike Gold Rush National Historical Park,AK
2026-04-26,knri,Knife River Indian Villages National Historic Site,ND
2026-04-26,kova,Kobuk Valley National Park,AK
2026-04-26,kowa,Korean War Veterans Memorial,DC
2026-04-26,lyba,LBJ Memorial Grove on the Potomac,DC
2026-04-26,lacl,Lake Clark National Park & Preserve,AK
2026-04-26,lake,Lake Mead National Recreation Area,"AZ,NV"
2026-04-26,lamr,Lake Meredith National Recreation Area,TX
2026-04-26,laro,Lake Roosevelt National Recreation Area,WA
2026-04-26,lavo,Lassen Volcanic National Park,CA
2026-04-26,labe,Lava Beds National Monument,CA
2026-04-26,lecl,Lewis & Clark National Historic Trail,"IA,ID,IL,IN,KS,KY,MO,MT,NE,ND,OH,OR,PA,SD,WA,WV"
2026-04-26,lewi,Lewis and Clark National Historical Park,"OR,WA"
2026-04-26,libo,Lincoln Boyhood National Memorial,IN
2026-04-26,liho,Lincoln Home National Historic Site,IL
2026-04-26,linc,Lincoln Memorial,DC
2026-04-26,libi,Little Bighorn Battlefield National Monument,MT
2026-04-26,liri,Little River Canyon National Preserve,AL
2026-04-26,chsc,Little Rock Central High School National Historic Site,AR
2026-04-26,long,Longfellow House Washington's Headquarters National Historic Site,MA
2026-04-26,lowe,Lowell National Historical Park,MA
2026-04-26,lode,Lower Delaware National Wild and Scenic River,"PA,NJ"
2026-04-26,loea,Lower East Side Tenement Museum National Historic Site,NY
2026-04-26,lyjo,Lyndon B Johnson National Historical Park,TX
2026-04-26,mawa,Maggie L Walker National Historic Site,VA
2026-04-26,maac,Maine Acadian Culture,ME
2026-04-26,maca,Mammoth Cave National Park,KY
2026-04-26,mana,Manassas National Battlefield Park,VA
2026-04-26,mapr,Manhattan Project National Historical Park,"NM,WA,TN"
2026-04-26,manz,Manzanar National Historic Site,CA
2026-04-26,mabi,Marsh - Billings - Rockefeller National Historical Park,VT
2026-04-26,mlkm,"Martin Luther King, Jr. Memorial",DC
2026-04-26,malu,"Martin Luther King, Jr. National Historical Park",GA
2026-04-26,mava,Martin Van Buren National Historic Site,NY
2026-04-26,mamc,Mary McLeod Bethune Council House National Historic Site,DC
2026-04-26,memy,Medgar and Myrlie Evers Home National Monument,MS
2026-04-26,meve,Mesa Verde National Park,CO
2026-04-26,misp,Mill Springs Battlefield National Monument,KY
2026-04-26,miin,Minidoka National Historic Site,"ID,WA"
2026-04-26,mima,Minute Man National Historical Park,MA
2026-04-26,mimi,Minuteman Missile National Historic Site,SD
2026-04-26,miss,Mississippi National River & Recreation Area,MN
2026-04-26,mnrr,Missouri National Recreational River,"SD,NE"
2026-04-26,moja,Mojave National Preserve,CA
2026-04-26,mono,Monocacy National Battlefield,MD
2026-04-26,moca,Montezuma Castle National Monument,AZ
2026-04-26,mocr,Moores Creek National Battlefield,NC
2026-04-26,mopi,Mormon Pioneer National Historic Trail,"IL,IA,NE,UT,WY"
2026-04-26,morr,Morristown National Historical Park,NJ
2026-04-26,mora,Mount Rainier National Park,WA
2026-04-26,moru,Mount Rushmore National Memorial,SD
2026-04-26,muwo,Muir Woods National Monument,CA
2026-04-26,natc,Natchez National Historical Park,MS
2026-04-26,natt,Natchez Trace National Scenic Trail,"AL,MS,TN"
2026-04-26,natr,Natchez Trace Parkway,"AL,MS,TN"
2026-04-26,nace,National Capital Parks-East,DC
2026-04-26,nama,National Mall and Memorial Parks,DC
2026-04-26,npsa,National Park of American Samoa,AS
2026-04-26,npnh,National Parks of New York Harbor,NY
2026-04-26,nabr,Natural Bridges National Monument,UT
2026-04-26,nava,Navajo National Monument,AZ
2026-04-26,nebe,New Bedford Whaling National Historical Park,MA
2026-04-26,neen,New England National Scenic Trail,"MA,CT"
2026-04-26,pine,New Jersey Pinelands National Reserve,NJ
2026-04-26,jazz,New Orleans Jazz National Historical Park,LA
2026-04-26,neph,New Philadelphia National Historic Site,IL
2026-04-26,neri,New River Gorge National Park & Preserve,WV
2026-04-26,nepe,Nez Perce National Historical Park,"ID,MT,OR,WA"
2026-04-26,nico,Nicodemus National Historic Site,KS
2026-04-26,nisi,Ninety Six National Historic Site,SC
2026-04-26,niob,Niobrara National Scenic River,NE
2026-04-26,noat,Noatak National Preserve,AK
2026-04-26,noca,North Cascades National Park,WA
2026-04-26,noco,North Country National Scenic Trail,"MI,MN,ND,NY,OH,PA,VT,WI"
2026-04-26,obed,Obed Wild & Scenic River,TN
2026-04-26,ocmu,Ocmulgee Mounds National Historical Park,GA
2026-04-26,okci,Oklahoma City National Memorial,OK
2026-04-26,olsp,Old Spanish National Historic Trail,"AZ,CA,CO,NV,NM,UT"
2026-04-26,olym,Olympic National Park,WA
2026-04-26,orca,Oregon Caves National Monument & Preserve,OR
2026-04-26,oreg,Oregon National Historic Trail,"ID,KS,MO,NE,OR,WA,WY"
2026-04-26,orpi,Organ Pipe Cactus National Monument,AZ
2026-04-26,ovvi,Overmountain Victory National Historic Trail,"NC,SC,TN,VA"
2026-04-26,oxhi,Oxon Cove Park & Oxon Hill Farm,MD
2026-04-26,ozar,Ozark National Scenic Riverways,MO
2026-04-26,pais,Padre Island National Seashore,TX
2026-04-26,paal,Palo Alto Battlefield National Historical Park,TX
2026-04-26,pagr,Paterson Great Falls National Historical Park,NJ
2026-04-26,peri,Pea Ridge National Military Park,AR
2026-04-26,valr,Pearl Harbor National Memorial,HI
2026-04-26,peco,Pecos National Historical Park,NM
2026-04-26,paav,Pennsylvania Avenue,DC
2026-04-26,pevi,Perry's Victory & International Peace Memorial,OH
2026-04-26,pete,Petersburg National Battlefield,VA
2026-04-26,pefo,Petrified Forest National Park,AZ
2026-04-26,petr,Petroglyph National Monument,NM
2026-04-26,piro,Pictured Rocks National Lakeshore,MI
2026-04-26,pinn,Pinnacles National Park,CA
2026-04-26,pisp,Pipe Spring National Monument,AZ
2026-04-26,pipe,Pipestone National Monument,MN
2026-04-26,pisc,Piscataway Park,MD
2026-04-26,pore,Point Reyes National Seashore,CA
2026-04-26,poex,Pony Express National Historic Trail,"CA,CO,KS,MO,NE,NV,UT,WY"
2026-04-26,poch,Port Chicago Naval Magazine National Memorial,CA
2026-04-26,pohe,Potomac Heritage National Scenic Trail,"DC,MD,PA,VA"
2026-04-26,popo,Poverty Point National Monument,LA
2026-04-26,wicl,President William Jefferson Clinton Birthplace Home National Historic Site,AR
2026-04-26,prsf,Presidio of San Francisco,CA
2026-04-26,prwi,Prince William Forest Park,VA
2026-04-26,pull,Pullman National Historical Park,IL
2026-04-26,puho,Puʻuhonua o Hōnaunau National Historical Park,HI
2026-04-26,puhe,Puʻukoholā Heiau National Historic Site,HI
2026-04-26,rabr,Rainbow Bridge National Monument,UT
2026-04-26,reer,Reconstruction Era National Historical Park,SC
2026-04-26,redw,Redwood National and State Parks,CA
2026-04-26,rich,Richmond National Battlefield Park,VA
2026-04-26,rigr,Rio Grande Wild & Scenic River,TX
2026-04-26,rira,River Raisin National Battlefield Park,MI
2026-04-26,rocr,Rock Creek Park,DC
2026-04-26,romo,Rocky Mountain National Park,CO
2026-04-26,rowi,Roger Williams National Memorial,RI
2026-04-26,roca,Roosevelt Campobello International Park,ME
2026-04-26,rori,Rosie the Riveter WWII Home Front National Historical Park,CA
2026-04-26,ruca,Russell Cave National Monument,AL
2026-04-26,sahi,Sagamore Hill National Historic Site,NY
2026-04-26,sagu,Saguaro National Park,AZ
2026-04-26,sacr,Saint Croix Island International Historic Site,ME
2026-04-26,sacn,Saint Croix National Scenic Riverway,"WI,MN"
2026-04-26,sapa,Saint Paul's Church National Historic Site,NY
2026-04-26,saga,Saint-Gaudens National Historical Park,NH
2026-04-26,sama,Salem Maritime National Historical Park,MA
2026-04-26,sapu,Salinas Pueblo Missions National Monument,NM
2026-04-26,sari,Salt River Bay National Historical Park and Ecological Preserve,VI
2026-04-26,saan,San Antonio Missions National Historical Park,TX
2026-04-26,safr,San Francisco Maritime National Historical Park,CA
2026-04-26,sajh,San Juan Island National Historical Park,WA
2026-04-26,saju,San Juan National Historic Site,PR
2026-04-26,sand,Sand Creek Massacre National Historic Site,CO
2026-04-26,safe,Santa Fe National Historic Trail,"CO,KS,MO,NM,OK"
2026-04-26,samo,Santa Monica Mountains National Recreation Area,CA
2026-04-26,sara,Saratoga National Historical Park,NY
2026-04-26,sair,Saugus Iron Works National Historic Site,MA
2026-04-26,scbl,Scotts Bluff National Monument,NE
2026-04-26,semo,Selma To Montgomery National Historic Trail,AL
2026-04-26,seki,Sequoia & Kings Canyon National Parks,CA
2026-04-26,shen,Shenandoah National Park,VA
2026-04-26,shil,Shiloh National Military Park,"TN,MS"
2026-04-26,sitk,Sitka National Historical Park,AK
2026-04-26,slbe,Sleeping Bear Dunes National Lakeshore,MI
2026-04-26,spra,Springfield 1908 Race Riot National Monument,IL
2026-04-26,spar,Springfield Armory National Historic Site,MA
2026-04-26,stsp,Star-Spangled Banner National Historic Trail,"MD,VA,DC"
2026-04-26,stli,Statue Of Liberty National Monument,NY
2026-04-26,stge,Ste. Geneviève National Historical Park,MO
2026-04-26,stea,Steamtown National Historic Site,PA
2026-04-26,stri,Stones River National Battlefield,TN
2026-04-26,ston,Stonewall National Monument,NY
2026-04-26,sucr,Sunset Crater Volcano National Monument,AZ
2026-04-26,tapr,Tallgrass Prairie National Preserve,KS
2026-04-26,thko,Thaddeus Kosciuszko National Memorial,PA
2026-04-26,whho,The White House and President's Park,DC
2026-04-26,thrb,Theodore Roosevelt Birthplace National Historic Site,NY
2026-04-26,thri,Theodore Roosevelt Inaugural National Historic Site,NY
2026-04-26,this,Theodore Roosevelt Island,DC
2026-04-26,thro,Theodore Roosevelt National Park,ND
2026-04-26,thco,Thomas Cole National Historic Site,NY
2026-04-26,edis,Thomas Edison National Historical Park,NJ
2026-04-26,thje,Thomas Jefferson Memorial,DC
2026-04-26,thst,Thomas Stone National Historic Site,MD
2026-04-26,tica,Timpanogos Cave National Monument,UT
2026-04-26,timu,Timucuan Ecological & Historic Preserve,FL
2026-04-26,tont,Tonto National Monument,AZ
2026-04-26,tosy,Touro Synagogue National Historic Site,RI
2026-04-26,trte,Trail Of Tears National Historic Trail,"AL,AR,GA,IL,KY,MO,NC,OK,TN"
2026-04-26,tule,Tule Lake National Monument,CA
2026-04-26,tusk,Tule Springs Fossil Beds National Monument,NV
2026-04-26,tuma,Tumacácori National Historical Park,AZ
2026-04-26,tupe,Tupelo National Battlefield,MS
2026-04-26,tuai,Tuskegee Airmen National Historic Site,AL
2026-04-26,tuin,Tuskegee Institute National Historic Site,AL
2026-04-26,tuzi,Tuzigoot National Monument,AZ
2026-04-26,ulsg,Ulysses S Grant National Historic Site,MO
2026-04-26,upde,Upper Delaware Scenic & Recreational River,"NY,PA"
2026-04-26,vall,Valles Caldera National Preserve,NM
2026-04-26,vafo,Valley Forge National Historical Park,PA
2026-04-26,vama,Vanderbilt Mansion National Historic Site,NY
2026-04-26,vick,Vicksburg National Military Park,"MS,LA"
2026-04-26,vive,Vietnam Veterans Memorial,DC
2026-04-26,vicr,Virgin Islands Coral Reef National Monument,VI
2026-04-26,viis,Virgin Islands National Park,VI
2026-04-26,voya,Voyageurs National Park,MN
2026-04-26,waco,Waco Mammoth National Monument,TX
2026-04-26,waca,Walnut Canyon National Monument,AZ
2026-04-26,wapa,War In The Pacific National Historical Park,GU
2026-04-26,wamo,Washington Monument,DC
2026-04-26,waro,Washington-Rochambeau Revolutionary Route National Historic Trail,"MA,RI,CT,NY,NJ,PA,DE,MD,VA,DC"
2026-04-26,waba,Washita Battlefield National Historic Site,OK
2026-04-26,wefa,Weir Farm National Historical Park,CT
2026-04-26,whis,Whiskeytown National Recreation Area,CA
2026-04-26,whsa,White Sands National Park,NM
2026-04-26,whmi,Whitman Mission National Historic Site,WA
2026-04-26,wiho,William Howard Taft National Historic Site,OH
2026-04-26,wicr,Wilson's Creek National Battlefield,MO
2026-04-26,wica,Wind Cave National Park,SD
2026-04-26,wing,Wing Luke Museum Affiliated Area,WA
2026-04-26,wotr,Wolf Trap National Park for the Performing Arts,VA
2026-04-26,wori,Women's Rights National Historical Park,NY
2026-04-26,wwim,World War I Memorial,DC
2026-04-26,wwii,World War II Memorial,DC
2026-04-26,wrst,Wrangell - St Elias National Park & Preserve,AK
2026-04-26,wrbr,Wright Brothers National Memorial,NC
2026-04-26,wupa,Wupatki National Monument,AZ
2026-04-26,yell,Yellowstone National Park,"ID,MT,WY"
2026-04-26,york,Yorktown Battlefield Part of Colonial National Historical Park,VA
2026-04-26,yose,Yosemite National Park,CA
2026-04-26,yuho,Yucca House National Monument,CO
2026-04-26,yuch,Yukon - Charley Rivers National Preserve,AK
2026-04-26,zion,Zion National Park,UT
